# Retail V2000.EXE function starts (SHA-256 E9BE7A83...B4BA), from a complete
# Ghidra census: auto-analysis plus callback-table, cited-address and gap seeding.
# region=library starts at the first linker-placed import stub (0x004AC5A0).
address,size,region
0x00401000,14,game
0x00401010,14,game
0x00401020,176,game
0x004010D0,65,game
0x00401120,314,game
0x00401260,14,game
0x00401270,29,game
0x00401290,34,game
0x004012C0,14,game
0x004012D0,14,game
0x004012E0,98,game
0x00401350,65,game
0x004013A0,139,game
0x00401430,1128,game
0x004018A0,281,game
0x004019C0,94,game
0x00401A20,389,game
0x00401BB0,239,game
0x00401CA0,138,game
0x00401D30,100,game
0x00401DA0,465,game
0x00401F80,34,game
0x00401FB0,152,game
0x00402050,34,game
0x00402080,128,game
0x00402100,31,game
0x00402120,106,game
0x00402190,31,game
0x004021B0,106,game
0x00402220,214,game
0x00402300,292,game
0x00402430,161,game
0x004024E0,670,game
0x00402780,31,game
0x004027A0,90,game
0x00402800,28,game
0x00402820,43,game
0x00402850,440,game
0x00402A10,174,game
0x00402AC0,66,game
0x00402B10,138,game
0x00402BA0,255,game
0x00402CA0,251,game
0x00402DA0,127,game
0x00402E20,138,game
0x00402EB0,256,game
0x00402FB0,138,game
0x00403040,481,game
0x00403230,31,game
0x00403250,74,game
0x004032A0,187,game
0x00403360,300,game
0x00403490,447,game
0x00403650,300,game
0x00403780,191,game
0x00403840,31,game
0x00403860,151,game
0x00403900,244,game
0x00403A00,358,game
0x00403B70,355,game
0x00403CE0,314,game
0x00403E20,279,game
0x00403F40,466,game
0x00404120,255,game
0x00404220,306,game
0x00404360,251,game
0x00404460,286,game
0x00404580,267,game
0x00404690,897,game
0x00404A20,122,game
0x00404AA0,150,game
0x00404B40,31,game
0x00404B60,114,game
0x00404BE0,358,game
0x00404D50,745,game
0x00405040,273,game
0x00405160,67,game
0x004051B0,130,game
0x00405240,473,game
0x00405420,113,game
0x004054A0,21,game
0x004054C0,126,game
0x00405540,113,game
0x004055C0,78,game
0x00405610,189,game
0x004056D0,144,game
0x00405760,483,game
0x00405950,131,game
0x004059E0,530,game
0x00405C00,333,game
0x00405D50,191,game
0x00405E10,359,game
0x00405F80,109,game
0x00405FF0,58,game
0x00406030,51,game
0x00406070,260,game
0x00406180,14,game
0x00406190,14,game
0x004061A0,349,game
0x00406300,132,game
0x00406390,797,game
0x004066B0,132,game
0x00406740,669,game
0x004069E0,136,game
0x00406A70,134,game
0x00406B00,146,game
0x00406BA0,379,game
0x00406D20,148,game
0x00406DC0,206,game
0x00406E90,132,game
0x00406F20,326,game
0x00407070,164,game
0x00407120,35,game
0x00407150,159,game
0x004071F0,136,game
0x00407280,1114,game
0x004076E0,136,game
0x00407770,140,game
0x00407800,189,game
0x004078C0,767,game
0x00407BC0,223,game
0x00407CA0,323,game
0x00407DF0,302,game
0x00407F20,140,game
0x00407FB0,1080,game
0x004083F0,534,game
0x00408610,143,game
0x004086A0,40,game
0x004086D0,158,game
0x00408770,1109,game
0x00408BD0,532,game
0x00408DF0,270,game
0x00408F00,291,game
0x00409030,119,game
0x004090B0,16,game
0x004090C0,140,game
0x00409150,90,game
0x004091B0,368,game
0x00409320,140,game
0x004093B0,111,game
0x00409420,64,game
0x00409460,791,game
0x00409950,270,game
0x00409A60,14,game
0x00409A70,14,game
0x00409A80,2962,game
0x0040A620,370,game
0x0040A7A0,82,game
0x0040A800,88,game
0x0040A860,73,game
0x0040A8B0,67,game
0x0040A900,67,game
0x0040A950,44,game
0x0040A980,108,game
0x0040A9F0,406,game
0x0040AB90,14,game
0x0040ABA0,14,game
0x0040ABB0,46,game
0x0040ABE0,73,game
0x0040AC30,14,game
0x0040AC40,21,game
0x0040AC60,109,game
0x0040ACD0,49,game
0x0040AD10,49,game
0x0040AD50,86,game
0x0040ADB0,46,game
0x0040ADE0,180,game
0x0040AEA0,54,game
0x0040AEE0,38,game
0x0040AF10,56,game
0x0040AF50,59,game
0x0040AF90,63,game
0x0040AFD0,59,game
0x0040B010,105,game
0x0040B080,44,game
0x0040B0B0,49,game
0x0040B0F0,80,game
0x0040B140,108,game
0x0040B1B0,80,game
0x0040B200,80,game
0x0040B250,49,game
0x0040B290,44,game
0x0040B2C0,120,game
0x0040B340,170,game
0x0040B3F0,107,game
0x0040B460,149,game
0x0040B500,149,game
0x0040B5A0,149,game
0x0040B640,119,game
0x0040B6C0,122,game
0x0040B740,52,game
0x0040B780,52,game
0x0040B7C0,54,game
0x0040B800,168,game
0x0040B8B0,44,game
0x0040B8E0,44,game
0x0040B910,52,game
0x0040B950,46,game
0x0040B980,46,game
0x0040B9B0,46,game
0x0040B9E0,89,game
0x0040BA40,117,game
0x0040BAC0,36,game
0x0040BAF0,415,game
0x0040BC90,143,game
0x0040BD20,148,game
0x0040BDC0,701,game
0x0040C080,755,game
0x0040C3A0,201,game
0x0040C470,27,game
0x0040C490,49,game
0x0040C4D0,48,game
0x0040C500,44,game
0x0040C530,46,game
0x0040C560,117,game
0x0040C5E0,56,game
0x0040C620,49,game
0x0040C660,46,game
0x0040C690,21,game
0x0040C6B0,114,game
0x0040C730,21,game
0x0040C750,21,game
0x0040C770,21,game
0x0040C790,21,game
0x0040C7B0,21,game
0x0040C7D0,38,game
0x0040C800,141,game
0x0040C890,117,game
0x0040C910,447,game
0x0040CAD0,19,game
0x0040CAF0,594,game
0x0040CD50,26,game
0x0040CD70,247,game
0x0040CE70,26,game
0x0040CE90,83,game
0x0040CEF0,16,game
0x0040CF00,134,game
0x0040CF90,173,game
0x0040D040,109,game
0x0040D0B0,146,game
0x0040D150,8,game
0x0040D160,47,game
0x0040D190,44,game
0x0040D1C0,32,game
0x0040D1E0,44,game
0x0040D210,138,game
0x0040D2A0,44,game
0x0040D2D0,44,game
0x0040D300,14,game
0x0040D310,14,game
0x0040D320,43,game
0x0040D350,101,game
0x0040D3C0,114,game
0x0040D440,90,game
0x0040D4A0,626,game
0x0040D720,48,game
0x0040D750,14,game
0x0040D760,63,game
0x0040D7A0,66,game
0x0040D7F0,103,game
0x0040D860,100,game
0x0040D8D0,66,game
0x0040D920,142,game
0x0040D9B0,78,game
0x0040DA00,91,game
0x0040DA60,91,game
0x0040DAC0,91,game
0x0040DB20,81,game
0x0040DB80,100,game
0x0040DBF0,93,game
0x0040DC50,72,game
0x0040DCA0,712,game
0x0040DF70,400,game
0x0040E100,622,game
0x0040E370,710,game
0x0040E640,549,game
0x0040E870,353,game
0x0040E9E0,45,game
0x0040EA10,154,game
0x0040EAB0,97,game
0x0040EB20,461,game
0x0040ECF0,14,game
0x0040ED00,14,game
0x0040ED10,1587,game
0x0040F350,64,game
0x0040F390,13,game
0x0040F3A0,569,game
0x0040F5E0,348,game
0x0040F740,185,game
0x0040F800,401,game
0x0040F9A0,21,game
0x0040F9C0,10,game
0x0040F9D0,14,game
0x0040F9E0,14,game
0x0040F9F0,36,game
0x0040FA20,645,game
0x0040FCB0,211,game
0x0040FD90,726,game
0x00410070,14,game
0x00410080,14,game
0x00410090,740,game
0x00410380,87,game
0x004103E0,24,game
0x00410400,33,game
0x00410430,16,game
0x00410440,22,game
0x00410460,14,game
0x00410470,14,game
0x00410480,36,game
0x004104B0,1627,game
0x00410B70,55,game
0x00410BB0,90,game
0x00410C10,273,game
0x00410D30,383,game
0x00410EB0,373,game
0x00411030,324,game
0x00411180,199,game
0x00411250,196,game
0x00411320,189,game
0x004113E0,19,game
0x00411400,786,game
0x00411720,62,game
0x00411760,689,game
0x00411A20,90,game
0x00411A80,70,game
0x00411AD0,2651,game
0x00412530,560,game
0x00412760,261,game
0x00412870,313,game
0x004129B0,775,game
0x00412CC0,47,game
0x00412CF0,137,game
0x00412D80,29,game
0x00412DA0,1320,game
0x004132D0,547,game
0x00413500,242,game
0x00413600,108,game
0x00413670,73,game
0x004136C0,556,game
0x004138F0,752,game
0x00413BE0,346,game
0x00413D40,559,game
0x00413F70,596,game
0x004141D0,1478,game
0x004147A0,198,game
0x00414870,175,game
0x00414920,6,game
0x00414930,85,game
0x00414990,91,game
0x004149F0,174,game
0x00414AA0,54,game
0x00414AE0,353,game
0x00414C50,216,game
0x00414D30,212,game
0x00414E10,114,game
0x00414E90,421,game
0x00415040,214,game
0x00415120,60,game
0x00415160,1186,game
0x00415610,117,game
0x00415690,212,game
0x00415770,273,game
0x00415890,38,game
0x004158C0,57,game
0x00415900,1293,game
0x00415E10,1041,game
0x00416230,89,game
0x00416290,18,game
0x004162B0,172,game
0x00416360,114,game
0x004163E0,34,game
0x00416410,23,game
0x00416430,38,game
0x00416460,33,game
0x00416490,52,game
0x004164D0,89,game
0x00416530,25,game
0x00416550,16,game
0x00416560,16,game
0x00416570,19,game
0x00416590,19,game
0x004165B0,16,game
0x004165C0,139,game
0x00416650,92,game
0x004166B0,73,game
0x00416700,73,game
0x00416750,102,game
0x004167BA,6,game
0x004167C0,88,game
0x00416820,657,game
0x00416AC0,962,game
0x00416E90,144,game
0x00416F20,98,game
0x00416F90,93,game
0x00416FF0,170,game
0x004170A0,77,game
0x004170F0,59,game
0x00417130,258,game
0x00417240,1080,game
0x00417680,1707,game
0x00417D30,55,game
0x00417D70,31,game
0x00417D90,21,game
0x00417DB0,87,game
0x00417E10,93,game
0x00417E70,51,game
0x00417EB0,124,game
0x00417F30,42,game
0x00417F60,92,game
0x00417FC0,101,game
0x00418030,100,game
0x004180A0,76,game
0x004180F0,412,game
0x00418290,46,game
0x004182C0,45,game
0x004182F0,55,game
0x00418330,154,game
0x004183D0,50,game
0x00418410,36,game
0x00418440,181,game
0x00418500,137,game
0x00418590,43,game
0x004185C0,96,game
0x00418620,25,game
0x00418640,776,game
0x00418950,8,game
0x00418960,29,game
0x00418980,114,game
0x00418A00,54,game
0x00418A40,14,game
0x00418A50,14,game
0x00418A60,44,game
0x00418A90,335,game
0x00418BE0,54,game
0x00418C20,262,game
0x00418D30,383,game
0x00418EB0,115,game
0x00418F30,44,game
0x00418F60,165,game
0x00419010,1540,game
0x00419630,220,game
0x00419710,63,game
0x00419750,334,game
0x004198A0,63,game
0x004198E0,204,game
0x004199B0,414,game
0x00419B50,309,game
0x00419C90,241,game
0x00419D90,2103,game
0x0041A690,968,game
0x0041AA60,321,game
0x0041ABB0,141,game
0x0041AC40,979,game
0x0041B020,494,game
0x0041B210,1710,game
0x0041B8C0,114,game
0x0041B940,47,game
0x0041B970,12,game
0x0041B980,39,game
0x0041B9B0,12,game
0x0041B9C0,12,game
0x0041B9D0,42,game
0x0041BA00,381,game
0x0041BB80,38,game
0x0041BBB0,14,game
0x0041BBC0,14,game
0x0041BBD0,71,game
0x0041BC20,527,game
0x0041BE30,114,game
0x0041BEB0,2425,game
0x0041C830,599,game
0x0041CA90,117,game
0x0041CB10,768,game
0x0041CE10,381,game
0x0041CF90,192,game
0x0041D050,78,game
0x0041D0A0,123,game
0x0041D120,375,game
0x0041D2A0,160,game
0x0041D340,27,game
0x0041D360,2787,game
0x0041DE60,191,game
0x0041DF20,1001,game
0x0041E310,395,game
0x0041E4A0,12,game
0x0041E4B0,14,game
0x0041E4C0,14,game
0x0041E4D0,546,game
0x0041E700,557,game
0x0041E930,166,game
0x0041E9E0,358,game
0x0041EB50,288,game
0x0041EC70,1302,game
0x0041F190,37,game
0x0041F1C0,687,game
0x0041F470,494,game
0x0041F660,1612,game
0x0041FCB0,498,game
0x0041FEB0,941,game
0x00420260,121,game
0x004202E0,114,game
0x00420360,109,game
0x004203D0,125,game
0x00420450,95,game
0x004204B0,12,game
0x004204C0,92,game
0x00420520,236,game
0x00420610,29,game
0x00420630,31,game
0x00420650,220,game
0x00420730,47,game
0x00420760,200,game
0x00420830,22,game
0x00420850,22,game
0x00420870,79,game
0x004208C0,38,game
0x004208F0,48,game
0x00420920,304,game
0x00420A50,521,game
0x00420C60,403,game
0x00420E00,618,game
0x00421070,442,game
0x00421230,826,game
0x00421570,29,game
0x00421590,622,game
0x00421800,64,game
0x00421840,86,game
0x004218A0,73,game
0x004218F0,14,game
0x00421900,14,game
0x00421910,117,game
0x00421990,325,game
0x00421AE0,89,game
0x00421B40,254,game
0x00421C40,31,game
0x00421C60,216,game
0x00421D40,177,game
0x00421E00,1206,game
0x004222C0,754,game
0x004225C0,221,game
0x004226A0,410,game
0x00422840,763,game
0x00422B40,208,game
0x00422C10,183,game
0x00422CD0,255,game
0x00422DD0,86,game
0x00422E30,219,game
0x00422F10,286,game
0x00423030,137,game
0x004230C0,1242,game
0x004235A0,40,game
0x004235D0,19,game
0x004235F0,217,game
0x004236D0,447,game
0x00423890,770,game
0x00423BA0,217,game
0x00423C80,355,game
0x00423DF0,1061,game
0x00424220,351,game
0x00424380,12,game
0x00424390,31,game
0x004243B0,152,game
0x00424450,38,game
0x00424480,452,game
0x00424650,2005,game
0x00424E30,60,game
0x00424E70,102,game
0x00424EE0,36,game
0x00424F10,12,game
0x00424F20,128,game
0x00424FA0,442,game
0x00425160,521,game
0x00425370,179,game
0x00425430,346,game
0x00425590,39,game
0x004255C0,27,game
0x004255E0,118,game
0x00425660,24,game
0x00425680,160,game
0x00425720,6,game
0x00425730,44,game
0x00425760,44,game
0x00425790,44,game
0x004257C0,44,game
0x004257F0,93,game
0x00425850,68,game
0x004258A0,334,game
0x004259F0,248,game
0x00425AF0,223,game
0x00425BD0,132,game
0x00425C60,104,game
0x00425CD0,132,game
0x00425D60,172,game
0x00425E10,132,game
0x00425EA0,181,game
0x00425F60,388,game
0x004260F0,125,game
0x00426170,57,game
0x004261B0,14,game
0x004261C0,14,game
0x004261D0,42,game
0x00426200,160,game
0x004262A0,27,game
0x004262C0,44,game
0x004262F0,44,game
0x00426320,196,game
0x004263F0,649,game
0x00426680,526,game
0x00426890,307,game
0x004269D0,721,game
0x00426CB0,424,game
0x00426E60,160,game
0x00426F00,119,game
0x00426F80,6,game
0x00426F90,95,game
0x00426FF0,31,game
0x00427010,14,game
0x00427020,14,game
0x00427030,19,game
0x00427050,26,game
0x00427070,24,game
0x00427090,99,game
0x00427100,772,game
0x00427410,693,game
0x004276D0,129,game
0x00427760,14,game
0x0042776E,82,game
0x004277C0,400,game
0x00427950,450,game
0x00427B20,270,game
0x00427C30,418,game
0x00427DE0,21,game
0x00427E00,21,game
0x00427E20,245,game
0x00427F20,631,game
0x004281A0,1339,game
0x00428720,404,game
0x004288C0,60,game
0x00428900,16,game
0x00428910,225,game
0x00428A00,14,game
0x00428A10,14,game
0x00428A20,115,game
0x00428AA0,5,game
0x00428AB0,14,game
0x00428AC0,14,game
0x00428AD0,35,game
0x00428B00,60,game
0x00428B40,118,game
0x00428BC0,43,game
0x00428BF0,14,game
0x00428C00,14,game
0x00428C10,73,game
0x00428C60,159,game
0x00428D00,147,game
0x00428DA0,91,game
0x00428E00,91,game
0x00428E60,16,game
0x00428E70,43,game
0x00428EA0,49,game
0x00428EE0,130,game
0x00428F70,101,game
0x00428FE0,280,game
0x00429100,86,game
0x00429160,51,game
0x004291A0,40,game
0x004291D0,14,game
0x004291E0,14,game
0x004291F0,14,game
0x00429200,14,game
0x00429210,14,game
0x00429220,14,game
0x00429230,14,game
0x00429240,90,game
0x004292A0,3,game
0x004292B0,4111,game
0x0042A2E0,572,game
0x0042A520,58,game
0x0042A560,15,game
0x0042A570,273,game
0x0042A690,85,game
0x0042A6F0,337,game
0x0042A850,13,game
0x0042A860,37,game
0x0042A890,38,game
0x0042A8C0,70,game
0x0042A910,16,game
0x0042A920,14,game
0x0042A930,14,game
0x0042A940,112,game
0x0042A9B0,95,game
0x0042AA10,33,game
0x0042AA40,20,game
0x0042AA60,22,game
0x0042AA80,14,game
0x0042AA90,25,game
0x0042AAB0,14,game
0x0042AAC0,31,game
0x0042AAE0,696,game
0x0042ADA0,27,game
0x0042ADC0,49,game
0x0042AE00,68,game
0x0042AE50,168,game
0x0042AF00,320,game
0x0042B040,404,game
0x0042B1E0,69,game
0x0042B230,919,game
0x0042B5D0,661,game
0x0042B870,439,game
0x0042BA30,112,game
0x0042BAA0,48,game
0x0042BAD0,91,game
0x0042BB30,46,game
0x0042BB60,46,game
0x0042BB90,46,game
0x0042BBC0,46,game
0x0042BBF0,342,game
0x0042BD60,39,game
0x0042BD90,331,game
0x0042BEE0,53,game
0x0042BF20,171,game
0x0042BFD0,122,game
0x0042C050,58,game
0x0042C090,1374,game
0x0042C610,74,game
0x0042C660,167,game
0x0042C710,1923,game
0x0042CEA0,10,game
0x0042CEB0,17,game
0x0042CED0,100,game
0x0042CF40,89,game
0x0042CFA0,73,game
0x0042CFEA,2,game
0x0042D010,23,game
0x0042D030,480,game
0x0042D210,48,game
0x0042D240,11,game
0x0042D2A0,149,game
0x0042D340,435,game
0x0042D500,194,game
0x0042D5D0,79,game
0x0042D620,351,game
0x0042D780,98,game
0x0042D7F0,56,game
0x0042D830,43,game
0x0042D860,14,game
0x0042D870,14,game
0x0042D880,304,game
0x0042D9B0,441,game
0x0042DB70,412,game
0x0042DD10,1243,game
0x0042E210,94,game
0x0042E270,144,game
0x0042E300,123,game
0x0042E380,40,game
0x0042E3B0,131,game
0x0042E440,303,game
0x0042E570,747,game
0x0042E860,74,game
0x0042E8B0,25,game
0x0042E8D0,14,game
0x0042E8E0,1,game
0x0042E8F0,42,game
0x0042E920,60,game
0x0042E960,26,game
0x0042E980,124,game
0x0042EA00,43,game
0x0042EA30,207,game
0x0042EB00,80,game
0x0042EB50,24,game
0x0042EB70,75,game
0x0042EC30,52,game
0x0042EC80,14,game
0x0042EC90,14,game
0x0042ECA0,26,game
0x0042ECC0,26,game
0x0042ECE0,24,game
0x0042ED00,27,game
0x0042ED20,44,game
0x0042ED50,44,game
0x0042ED80,32,game
0x0042EDA0,32,game
0x0042EDC0,48,game
0x0042EDF0,27,game
0x0042EE10,27,game
0x0042EE30,29,game
0x0042EE50,29,game
0x0042EE70,98,game
0x0042EEE0,52,game
0x0042EF20,58,game
0x0042EF60,65,game
0x0042EFB0,330,game
0x0042F100,50,game
0x0042F140,19,game
0x0042F160,49,game
0x0042F1A0,134,game
0x0042F230,63,game
0x0042F270,613,game
0x0042F4E0,13,game
0x0042F4F0,24,game
0x0042F510,14,game
0x0042F520,14,game
0x0042F530,277,game
0x0042F650,783,game
0x0042F960,19,game
0x0042F980,823,game
0x0042FCC0,803,game
0x0042FFF0,332,game
0x00430140,752,game
0x00430430,5214,game
0x00431890,213,game
0x00431970,194,game
0x00431A40,19,game
0x00431A60,699,game
0x00431D20,1202,game
0x004321E0,716,game
0x004324B0,779,game
0x004327C0,2320,game
0x004330D0,51,game
0x00433110,28,game
0x00433130,75,game
0x00433180,879,game
0x00433530,421,game
0x004336E0,61,game
0x00433720,127,game
0x004337A0,52,game
0x004337E0,127,game
0x00433860,84,game
0x004338C0,59,game
0x00433900,96,game
0x00433960,24,game
0x00433980,87,game
0x004339E0,24,game
0x00433A00,24,game
0x00433A20,24,game
0x00433A40,67,game
0x00433A90,24,game
0x00433AB0,24,game
0x00433AD0,103,game
0x00433B40,53,game
0x00433B80,45,game
0x00433BB0,14,game
0x00433BC0,14,game
0x00433BD0,575,game
0x00433E30,355,game
0x00433FA0,270,game
0x004340B0,739,game
0x004343A0,773,game
0x004346B0,773,game
0x004349C0,1737,game
0x00435090,1769,game
0x00435780,1769,game
0x00435E70,409,game
0x00436010,465,game
0x004361F0,589,game
0x00436440,683,game
0x004366F0,38,game
0x00436720,38,game
0x00436750,469,game
0x00436930,45,game
0x00436960,566,game
0x00436BA0,133,game
0x00436C30,457,game
0x00436E00,767,game
0x00437100,165,game
0x004371B0,470,game
0x00437390,217,game
0x00437470,58,game
0x004374B0,157,game
0x00437550,219,game
0x00437630,254,game
0x00437730,164,game
0x004377E0,301,game
0x00437910,169,game
0x004379C0,253,game
0x00437AC0,57,game
0x00437B00,84,game
0x00437B60,228,game
0x00437C50,83,game
0x00437CB0,370,game
0x00437E40,14,game
0x00437E50,14,game
0x00437E60,115,game
0x00437EE0,71,game
0x00437F30,39,game
0x00437F60,53,game
0x00437FA0,14,game
0x00437FB0,14,game
0x00437FC0,41,game
0x00437FF0,12,game
0x00438000,24,game
0x00438020,29,game
0x00438040,12,game
0x00438050,3,game
0x00438060,14,game
0x00438070,14,game
0x00438080,364,game
0x004381F0,183,game
0x004382B0,33,game
0x004382E0,94,game
0x00438340,88,game
0x004383A0,13,game
0x004383B0,14,game
0x004383C0,14,game
0x004383D0,23,game
0x004383F0,482,game
0x004385E0,426,game
0x00438790,76,game
0x004387E0,155,game
0x00438880,149,game
0x00438920,144,game
0x004389B0,34,game
0x004389E0,14,game
0x004389F0,14,game
0x00438A00,23,game
0x00438A20,316,game
0x00438B60,65,game
0x00438BB0,47,game
0x00438BE0,206,game
0x00438CB0,561,game
0x00438EF0,106,game
0x00438F60,174,game
0x00439010,630,game
0x00439290,301,game
0x004393C0,271,game
0x004394F0,518,game
0x00439700,28,game
0x00439720,77,game
0x00439770,75,game
0x004397C0,89,game
0x00439820,81,game
0x00439880,85,game
0x004398E0,87,game
0x00439940,77,game
0x00439990,166,game
0x00439A40,40,game
0x00439A70,201,game
0x00439B40,93,game
0x00439BA0,32,game
0x00439BC0,30,game
0x00439BE0,166,game
0x00439C90,275,game
0x00439DB0,56,game
0x00439DF0,126,game
0x00439E70,21,game
0x00439E90,130,game
0x00439F20,21,game
0x00439F40,21,game
0x00439F60,21,game
0x00439F80,39,game
0x00439FB0,49,game
0x00439FF0,45,game
0x0043A020,64,game
0x0043A060,36,game
0x0043A090,5,game
0x0043A0A0,14,game
0x0043A0B0,14,game
0x0043A0C0,257,game
0x0043A1D0,184,game
0x0043A290,302,game
0x0043A3C0,436,game
0x0043A580,117,game
0x0043A600,214,game
0x0043A6E0,275,game
0x0043A800,106,game
0x0043A870,35,game
0x0043A8A0,52,game
0x0043A8E0,125,game
0x0043A960,57,game
0x0043A9A0,66,game
0x0043A9F0,71,game
0x0043AA40,1770,game
0x0043B130,110,game
0x0043B1A0,14,game
0x0043B1B0,14,game
0x0043B1C0,531,game
0x0043B3D5,11,game
0x0043B3E0,46,game
0x0043B410,508,game
0x0043B610,57,game
0x0043B650,57,game
0x0043B690,161,game
0x0043B740,117,game
0x0043B7C0,82,game
0x0043B820,33,game
0x0043B850,15,game
0x0043B860,15,game
0x0043B870,47,game
0x0043B8A0,23,game
0x0043B8C0,59,game
0x0043B900,136,game
0x0043B9A0,166,game
0x0043BA50,207,game
0x0043BB20,1010,game
0x0043BF30,131,game
0x0043BFC0,517,game
0x0043C1C6,2,game
0x0043C1E0,610,game
0x0043C450,77,game
0x0043C4A0,540,game
0x0043C6C0,84,game
0x0043C720,84,game
0x0043C780,52,game
0x0043C7C0,6,game
0x0043C7D0,19,game
0x0043C7F0,796,game
0x0043CB10,15,game
0x0043CB20,33,game
0x0043CB50,69,game
0x0043CBA0,66,game
0x0043CBF0,78,game
0x0043CC40,37,game
0x0043CC70,48,game
0x0043CCA0,48,game
0x0043CCD0,48,game
0x0043CD00,77,game
0x0043CD50,351,game
0x0043CEB0,63,game
0x0043CEF0,51,game
0x0043CF30,95,game
0x0043CF90,63,game
0x0043CFD0,158,game
0x0043D070,44,game
0x0043D0A0,46,game
0x0043D0D0,16,game
0x0043D0E0,39,game
0x0043D110,158,game
0x0043D1B0,67,game
0x0043D200,10,game
0x0043D210,92,game
0x0043D270,11,game
0x0043D280,16,game
0x0043D290,73,game
0x0043D2E0,14,game
0x0043D2F0,14,game
0x0043D300,262,game
0x0043D410,1858,game
0x0043DB60,302,game
0x0043DC90,29,game
0x0043DCB0,29,game
0x0043DCD0,232,game
0x0043DDC0,232,game
0x0043DEB0,431,game
0x0043E060,108,game
0x0043E0D0,145,game
0x0043E162,2,game
0x0043E180,21,game
0x0043E1A0,21,game
0x0043E1C0,100,game
0x0043E230,204,game
0x0043E300,204,game
0x0043E3D0,244,game
0x0043E4F0,929,game
0x0043E8A0,1069,game
0x0043ECD0,175,game
0x0043ED80,172,game
0x0043EE30,243,game
0x0043EF30,157,game
0x0043EFD0,83,game
0x0043F030,330,game
0x0043F180,176,game
0x0043F230,36,game
0x0043F260,37,game
0x0043F290,28,game
0x0043F2B0,149,game
0x0043F350,252,game
0x0043F450,90,game
0x0043F4B0,210,game
0x0043F590,116,game
0x0043F610,72,game
0x0043F660,118,game
0x0043F6E0,153,game
0x0043F780,58,game
0x0043F7C0,58,game
0x0043F800,142,game
0x0043F890,129,game
0x0043F920,43,game
0x0043F950,43,game
0x0043F980,849,game
0x0043FCE0,546,game
0x0043FF10,524,game
0x00440120,1682,game
0x004407D0,382,game
0x00440950,206,game
0x00440A20,51,game
0x00440A60,861,game
0x00440DC0,192,game
0x00440E80,551,game
0x004410B0,202,game
0x00441200,538,game
0x00441420,493,game
0x00441610,87,game
0x00441670,144,game
0x00441700,109,game
0x00441770,109,game
0x004417E0,107,game
0x00441850,414,game
0x00441A50,186,game
0x00441B10,91,game
0x00441B70,195,game
0x00441C40,73,game
0x00441C90,489,game
0x00441E7A,2,game
0x00441EA0,250,game
0x00441FA0,198,game
0x00442070,205,game
0x00442140,251,game
0x00442240,376,game
0x004423C0,81,game
0x00442420,333,game
0x0044256E,2,game
0x004425D0,841,game
0x00442920,43,game
0x00442950,492,game
0x00442B40,89,game
0x00442BA0,243,game
0x00442CB0,244,game
0x00442DB0,94,game
0x00442E10,79,game
0x00442E60,33,game
0x00442E90,30,game
0x00442EB0,14,game
0x00442EC0,14,game
0x00442ED0,571,game
0x00443110,168,game
0x004431C0,153,game
0x00443260,469,game
0x00443440,281,game
0x00443560,817,game
0x004438A0,544,game
0x00443AC0,41,game
0x00443AF0,45,game
0x00443B20,13,game
0x00443B30,22,game
0x00443B50,434,game
0x00443D10,32,game
0x00443D30,822,game
0x00444070,40,game
0x004440A0,40,game
0x004440D0,167,game
0x00444180,65,game
0x004441D0,57,game
0x00444210,65,game
0x00444260,70,game
0x004442B0,47,game
0x004442E0,65,game
0x00444330,113,game
0x004443B0,70,game
0x00444400,470,game
0x004445E0,1453,game
0x00444B90,331,game
0x00444CF0,612,game
0x00444F60,60,game
0x00444FA0,751,game
0x00445290,120,game
0x00445310,1355,game
0x00445860,191,game
0x00445920,281,game
0x00445A40,70,game
0x00445A90,2415,game
0x00446440,100,game
0x004464B0,62,game
0x004464F0,63,game
0x00446530,263,game
0x00446640,1415,game
0x00446BD0,162,game
0x00446C80,167,game
0x00446D30,62,game
0x00446D70,369,game
0x00446EF0,63,game
0x00446F30,136,game
0x00446FC0,690,game
0x00447280,775,game
0x00447590,96,game
0x004475F0,247,game
0x004476F0,85,game
0x00447750,397,game
0x004478E0,135,game
0x00447970,110,game
0x004479F0,187,game
0x00447AC0,35,game
0x00447AF0,289,game
0x00447C20,64,game
0x00447C60,11,game
0x00447C70,22,game
0x00447C90,212,game
0x00447D70,497,game
0x00447F70,254,game
0x00448070,26,game
0x00448090,76,game
0x004480E0,404,game
0x00448280,414,game
0x00448420,46,game
0x00448450,75,game
0x004484A0,638,game
0x00448720,63,game
0x00448760,19,game
0x00448780,11,game
0x00448790,14,game
0x004487A0,12,game
0x004487B0,16,game
0x004487C0,16,game
0x004487D0,28,game
0x004487F0,29,game
0x00448810,38,game
0x00448840,12,game
0x00448850,38,game
0x00448880,20,game
0x004488A0,92,game
0x00448900,11,game
0x00448910,15,game
0x00448920,13,game
0x00448930,14,game
0x00448940,14,game
0x00448950,49,game
0x00448990,130,game
0x00448A20,62,game
0x00448A60,190,game
0x00448B20,176,game
0x00448BD0,241,game
0x00448CD0,31,game
0x00448CF0,288,game
0x00448E10,18,game
0x00448E30,21,game
0x00448E50,21,game
0x00448E70,447,game
0x00449030,36,game
0x00449060,23,game
0x00449080,72,game
0x004490D0,55,game
0x00449110,6,game
0x00449120,27,game
0x00449140,144,game
0x004491D0,155,game
0x00449270,321,game
0x004493C0,6,game
0x004493D0,206,game
0x004494A0,4191,game
0x0044A500,120,game
0x0044A580,31,game
0x0044A5A0,14,game
0x0044A5B0,14,game
0x0044A5C0,650,game
0x0044A850,49,game
0x0044A890,49,game
0x0044A8D0,378,game
0x0044AA50,194,game
0x0044AB20,1163,game
0x0044AFB0,53,game
0x0044AFF0,1778,game
0x0044B6F0,275,game
0x0044B810,305,game
0x0044B950,805,game
0x0044BC80,99,game
0x0044BCF0,1268,game
0x0044C1F0,333,game
0x0044C340,238,game
0x0044C430,723,game
0x0044C710,33,game
0x0044C740,34,game
0x0044C770,14,game
0x0044C780,14,game
0x0044C790,56,game
0x0044C7D0,56,game
0x0044C810,30,game
0x0044C830,175,game
0x0044C8E0,49,game
0x0044C920,32,game
0x0044C940,39,game
0x0044C970,799,game
0x0044CC90,14,game
0x0044CCA0,228,game
0x0044CD90,210,game
0x0044CE70,61,game
0x0044CEB0,75,game
0x0044CF00,34,game
0x0044CF30,60,game
0x0044CF70,57,game
0x0044CFB0,34,game
0x0044CFE0,42,game
0x0044D010,210,game
0x0044D0F0,1972,game
0x0044D8B0,88,game
0x0044D910,62,game
0x0044D950,442,game
0x0044DB10,696,game
0x0044DDD0,291,game
0x0044DF00,389,game
0x0044E090,60,game
0x0044E0E0,263,game
0x0044E1F0,230,game
0x0044E2E0,238,game
0x0044E3D0,32,game
0x0044E3F0,66,game
0x0044E440,14,game
0x0044E450,14,game
0x0044E460,63,game
0x0044E4A0,250,game
0x0044E5A0,241,game
0x0044E6A0,51,game
0x0044E6E0,51,game
0x0044E720,10,game
0x0044E730,10,game
0x0044E740,9,game
0x0044E750,14,game
0x0044E760,14,game
0x0044E770,731,game
0x0044EA50,14,game
0x0044EA60,33,game
0x0044EA82,2,game
0x0044EAE0,64,game
0x0044EB20,14,game
0x0044EB30,14,game
0x0044EB40,132,game
0x0044EBD0,135,game
0x0044EC60,1107,game
0x0044F0C0,782,game
0x0044F3D0,6,game
0x0044F3E0,26,game
0x0044F400,28,game
0x0044F420,36,game
0x0044F450,38,game
0x0044F480,163,game
0x0044F540,97,game
0x0044F5B0,29,game
0x0044F5D0,14,game
0x0044F5E0,14,game
0x0044F5F0,7,game
0x0044F600,79,game
0x0044F650,471,game
0x0044F830,123,game
0x0044F8B0,172,game
0x0044F960,186,game
0x0044FA20,16,game
0x0044FA30,538,game
0x0044FC50,115,game
0x0044FCD0,115,game
0x0044FD60,92,game
0x0044FDC0,36,game
0x0044FDF0,46,game
0x0044FE20,140,game
0x0044FEB0,230,game
0x0044FFA0,996,game
0x00450390,33,game
0x004503C0,1470,game
0x00450980,491,game
0x00450C00,143,game
0x00450C90,47,game
0x00450CC0,171,game
0x00450D70,195,game
0x00450E40,23,game
0x00450E60,21,game
0x00450E80,110,game
0x00450EF0,197,game
0x00450FC0,247,game
0x004510C0,493,game
0x004512AE,2,game
0x004512E0,163,game
0x00451390,77,game
0x004513E0,20,game
0x00451400,18,game
0x00451420,93,game
0x00451480,27,game
0x004514A0,166,game
0x00451550,42,game
0x00451580,92,game
0x004515E0,298,game
0x00451710,983,game
0x00451AF0,258,game
0x00451C00,790,game
0x00451FB0,110,game
0x00452020,451,game
0x004521F0,119,game
0x00452270,1128,game
0x00452770,32,game
0x00452790,1208,game
0x00452CB0,1056,game
0x004530D0,525,game
0x004532E0,74,game
0x00453330,221,game
0x00453410,347,game
0x00453570,304,game
0x004536A0,105,game
0x00453710,73,game
0x00453760,135,game
0x004537F0,187,game
0x004538B0,277,game
0x004539D0,136,game
0x00453A60,60,game
0x00453AA0,35,game
0x00453AD0,30,game
0x00453AF0,38,game
0x00453B20,127,game
0x00453BA0,124,game
0x00453C20,288,game
0x00453D40,188,game
0x00453E00,211,game
0x00453EE0,130,game
0x00453F70,90,game
0x00453FD0,14,game
0x00453FE0,746,game
0x004542E0,74,game
0x00454330,88,game
0x00454390,197,game
0x00454460,181,game
0x00454520,1478,game
0x00454AF0,269,game
0x00454C00,106,game
0x00454C70,619,game
0x00454EE0,187,game
0x00454FA0,80,game
0x00454FF0,1087,game
0x00455430,41,game
0x00455460,113,game
0x004554E0,188,game
0x004555A0,245,game
0x004556A0,296,game
0x004557D0,198,game
0x004558A0,239,game
0x00455990,80,game
0x004559E0,207,game
0x00455AB0,24,game
0x00455AD0,24,game
0x00455AF0,24,game
0x00455B10,24,game
0x00455B30,24,game
0x00455B50,24,game
0x00455B70,24,game
0x00455B90,24,game
0x00455BB0,24,game
0x00455BD0,191,game
0x00455C90,45,game
0x00455CC0,45,game
0x00455CF0,58,game
0x00455D30,46,game
0x00455D60,72,game
0x00455DB0,105,game
0x00455E20,130,game
0x00455EB0,160,game
0x00455F50,115,game
0x00455FD0,23,game
0x00456050,27,game
0x00456070,130,game
0x00456100,104,game
0x00456170,40,game
0x004561A0,243,game
0x004562A0,13,game
0x004562B0,77,game
0x00456300,52,game
0x00456340,59,game
0x00456380,158,game
0x00456420,22,game
0x00456440,22,game
0x00456460,22,game
0x00456480,22,game
0x004564A0,14,game
0x004564B0,33,game
0x004564E0,176,game
0x00456590,69,game
0x004565E0,34,game
0x00456610,52,game
0x00456650,36,game
0x00456680,88,game
0x004566E0,33,game
0x00456710,41,game
0x00456740,13,game
0x00456750,13,game
0x00456760,11,game
0x00456770,15,game
0x00456780,12,game
0x00456790,30,game
0x004567B0,97,game
0x00456820,134,game
0x004568B0,77,game
0x00456900,92,game
0x00456960,156,game
0x00456A00,114,game
0x00456A80,50,game
0x00456AC0,33,game
0x00456AF0,164,game
0x00456BA0,45,game
0x00456BD0,62,game
0x00456C10,9,game
0x00456C20,47,game
0x00456C50,27,game
0x00456C70,32,game
0x00456C90,20,game
0x00456CB0,20,game
0x00456CD0,52,game
0x00456D10,147,game
0x00456DB0,25,game
0x00456DD0,34,game
0x00456E00,19,game
0x00456E20,33,game
0x00456E50,151,game
0x00456EF0,28,game
0x00456F10,13,game
0x00456F20,68,game
0x00456F70,19,game
0x00456F90,26,game
0x00456FB0,48,game
0x00456FE0,389,game
0x00457170,56,game
0x004571B0,43,game
0x004571E0,176,game
0x00457290,14,game
0x004572A0,14,game
0x004572B0,48,game
0x004572E0,64,game
0x00457320,20,game
0x00457340,34,game
0x00457370,120,game
0x004573F0,61,game
0x00457430,65,game
0x00457480,14,game
0x00457490,47,game
0x004574C0,81,game
0x00457520,87,game
0x00457580,24,game
0x004575A0,17,game
0x004575C0,109,game
0x00457630,72,game
0x00457680,87,game
0x004576E0,67,game
0x00457730,154,game
0x004577D0,342,game
0x00457930,37,game
0x00457960,258,game
0x00457A70,14,game
0x00457A80,14,game
0x00457A90,414,game
0x00457C30,411,game
0x00457DD0,411,game
0x00457F70,36,game
0x00457FA0,14,game
0x00457FB0,14,game
0x00457FC0,120,game
0x00458040,120,game
0x004580C0,170,game
0x00458170,341,game
0x004582D0,220,game
0x004583B0,458,game
0x00458580,170,game
0x00458630,341,game
0x00458790,220,game
0x00458870,458,game
0x00458A40,69,game
0x00458A90,8,game
0x00458AA0,69,game
0x00458AF0,8,game
0x00458B00,5,game
0x00458B10,42,game
0x00458B40,282,game
0x00458C60,445,game
0x00458E20,467,game
0x00459000,1205,game
0x004594C0,143,game
0x00459550,1382,game
0x00459AC0,580,game
0x00459D10,75,game
0x00459D60,643,game
0x00459FF0,592,game
0x0045A240,658,game
0x0045A4E0,578,game
0x0045A730,641,game
0x0045A9C0,592,game
0x0045AC10,656,game
0x0045AEA0,893,game
0x0045B220,86,game
0x0045B280,159,game
0x0045B320,112,game
0x0045B390,1088,game
0x0045B7D0,931,game
0x0045BB80,1126,game
0x0045BFF0,889,game
0x0045C370,1084,game
0x0045C7B0,927,game
0x0045CB50,1120,game
0x0045CFB0,687,game
0x0045D260,756,game
0x0045D560,702,game
0x0045D820,771,game
0x0045DB30,685,game
0x0045DDE0,754,game
0x0045E0E0,698,game
0x0045E3A0,769,game
0x0045E6B0,981,game
0x0045EA90,1363,game
0x0045EFF0,1101,game
0x0045F440,1405,game
0x0045F9C0,977,game
0x0045FDA0,1359,game
0x004602F0,1097,game
0x00460740,1397,game
0x00460CC0,606,game
0x00460F20,660,game
0x004611C0,604,game
0x00461420,656,game
0x004616B0,1102,game
0x00461B00,36,game
0x00461B30,1336,game
0x00462070,1098,game
0x004624C0,1332,game
0x00462A00,753,game
0x00462D00,827,game
0x00463040,751,game
0x00463330,825,game
0x00463670,1364,game
0x00463BD0,1694,game
0x00464270,1360,game
0x004647C0,1690,game
0x00464E60,300,game
0x00464F90,1020,game
0x00465390,1187,game
0x00465840,42,game
0x00465870,2263,game
0x00466150,2,game
0x00466160,657,game
0x00466400,15,game
0x00466410,61,game
0x00466450,61,game
0x00466490,62,game
0x004664D0,108,game
0x00466540,65,game
0x00466590,63,game
0x004665D0,95,game
0x00466630,96,game
0x00466690,112,game
0x00466700,65,game
0x00466750,89,game
0x004667B0,90,game
0x00466810,90,game
0x00466870,141,game
0x00466900,147,game
0x004669A0,61,game
0x004669E0,139,game
0x00466A70,139,game
0x00466B00,89,game
0x00466B60,25,game
0x00466B80,23,game
0x00466BA0,41,game
0x00466BD0,125,game
0x00466C50,89,game
0x00466CB0,21,game
0x00466CD0,636,game
0x00466F50,37,game
0x00466F80,63,game
0x00466FC0,70,game
0x00467010,52,game
0x00467050,61,game
0x00467090,61,game
0x004670D0,39,game
0x00467100,39,game
0x00467130,67,game
0x00467180,67,game
0x004671D0,32,game
0x004671F0,484,game
0x004673E0,41,game
0x00467410,680,game
0x004676C0,104,game
0x00467730,248,game
0x00467840,1046,game
0x00467C60,1157,game
0x004680F0,1065,game
0x00468520,1195,game
0x004689D0,772,game
0x00468CE0,14,game
0x00468CF0,14,game
0x00468D00,22,game
0x00468D20,14,game
0x00468D30,14,game
0x00468D40,14,game
0x00468D50,85,game
0x00468DB0,191,game
0x00468E70,271,game
0x00468F80,66,game
0x00468FD0,310,game
0x00469110,177,game
0x004691D0,42,game
0x00469200,404,game
0x004693A0,205,game
0x00469470,62,game
0x004694B0,58,game
0x004694F0,37,game
0x00469520,47,game
0x00469550,74,game
0x004695A0,59,game
0x004695E0,69,game
0x00469630,11,game
0x00469640,12,game
0x00469650,34,game
0x00469680,38,game
0x004696B0,20,game
0x004696D0,97,game
0x00469740,36,game
0x00469770,214,game
0x00469850,185,game
0x00469910,605,game
0x00469B70,142,game
0x00469C00,31,game
0x00469C20,186,game
0x00469CE0,272,game
0x00469DF0,267,game
0x00469F00,150,game
0x00469FA0,541,game
0x0046A1C0,629,game
0x0046A440,274,game
0x0046A560,641,game
0x0046A7F0,158,game
0x0046A890,24,game
0x0046A8B0,24,game
0x0046A8D0,128,game
0x0046A950,586,game
0x0046ABA0,73,game
0x0046ABF0,591,game
0x0046AE40,167,game
0x0046AEF0,42,game
0x0046AF20,1748,game
0x0046B6D0,482,game
0x0046B8C0,218,game
0x0046BA70,28,game
0x0046BA90,38,game
0x0046BAC0,7,game
0x0046BAD0,63,game
0x0046BB10,244,game
0x0046BC10,70,game
0x0046BC60,154,game
0x0046BD00,91,game
0x0046BD60,14,game
0x0046BD70,14,game
0x0046BD80,243,game
0x0046BE80,73,game
0x0046BED0,231,game
0x0046BFC0,130,game
0x0046C050,97,game
0x0046C0C0,27,game
0x0046C0E0,46,game
0x0046C110,253,game
0x0046C210,231,game
0x0046C300,388,game
0x0046C570,129,game
0x0046C5F1,9,game
0x0046C600,93,game
0x0046C660,79,game
0x0046C6B0,404,game
0x0046C850,100,game
0x0046C8C0,92,game
0x0046C9A0,144,game
0x0046CA30,35,game
0x0046CA60,90,game
0x0046CAC0,143,game
0x0046CB50,195,game
0x0046CC20,194,game
0x0046CCF0,150,game
0x0046CD90,282,game
0x0046CEB0,337,game
0x0046D010,459,game
0x0046D1E0,525,game
0x0046D3F0,188,game
0x0046D4B0,112,game
0x0046D520,18,game
0x0046D540,11,game
0x0046D550,33,game
0x0046D580,19,game
0x0046D5A0,98,game
0x0046D610,454,game
0x0046D7E0,528,game
0x0046D9F0,528,game
0x0046DC00,429,game
0x0046DDB0,123,game
0x0046DE30,150,game
0x0046DED0,150,game
0x0046DF70,169,game
0x0046E020,192,game
0x0046E0E0,192,game
0x0046E1A0,439,game
0x0046E360,510,game
0x0046E560,510,game
0x0046E760,202,game
0x0046E830,219,game
0x0046E910,219,game
0x0046E9F0,104,game
0x0046EA60,128,game
0x0046EAE0,128,game
0x0046EB60,101,game
0x0046EBD0,129,game
0x0046EC60,129,game
0x0046ECF0,376,game
0x0046EE70,407,game
0x0046F010,407,game
0x0046F1B0,279,game
0x0046F2D0,300,game
0x0046F400,300,game
0x0046F530,198,game
0x0046F600,226,game
0x0046F6F0,224,game
0x0046F7D0,279,game
0x0046F8F0,304,game
0x0046FA20,304,game
0x0046FB50,39,game
0x0046FB80,787,game
0x0046FEA0,69,game
0x0046FEF0,69,game
0x0046FF40,396,game
0x004700D0,416,game
0x00470270,416,game
0x00470410,201,game
0x004704E0,264,game
0x004705F0,263,game
0x00470700,94,game
0x00470840,267,game
0x00470990,14,game
0x004709A0,14,game
0x004709B0,96,game
0x00470A10,60,game
0x00470A50,14,game
0x00470A60,14,game
0x00470A70,108,game
0x00470AE0,119,game
0x00470B60,415,game
0x00470D00,549,game
0x00470F30,66,game
0x00470F80,75,game
0x00470FD0,56,game
0x00471010,14,game
0x00471020,14,game
0x00471030,20,game
0x00471050,82,game
0x004710B0,129,game
0x00471132,2,game
0x00471150,92,game
0x004711B0,72,game
0x00471200,93,game
0x00471260,14,game
0x00471270,14,game
0x00471280,36,game
0x004712B0,190,game
0x00471370,43,game
0x004713A0,15,game
0x004713B0,19,game
0x004713D0,48,game
0x00471400,81,game
0x00471460,162,game
0x00471510,36,game
0x00471540,65,game
0x00471590,19,game
0x004715B0,36,game
0x004715E0,16,game
0x004715F0,288,game
0x00471710,70,game
0x00471760,91,game
0x004717C0,185,game
0x00471880,354,game
0x004719F0,79,game
0x00471A40,313,game
0x00471B80,79,game
0x00471BD0,64,game
0x00471C10,108,game
0x00471C80,76,game
0x00471CD0,76,game
0x00471D20,191,game
0x00471DE0,601,game
0x00472040,315,game
0x00472180,112,game
0x004721F0,291,game
0x00472320,448,game
0x004724E0,56,game
0x00472520,38,game
0x00472550,16,game
0x00472560,94,game
0x004725C0,37,game
0x004725F0,36,game
0x00472620,19,game
0x00472640,14,game
0x00472650,14,game
0x00472660,8,game
0x00472670,8,game
0x00472680,506,game
0x00472880,672,game
0x00472B20,2424,game
0x004734A0,51,game
0x004734E0,316,game
0x00473620,109,game
0x00473690,377,game
0x00473810,19,game
0x00473830,86,game
0x00473890,100,game
0x00473900,375,game
0x00473A80,344,game
0x00473BE0,20,game
0x00473C00,164,game
0x00473CB0,221,game
0x00473D90,519,game
0x00473FA0,504,game
0x004741A0,79,game
0x004741F0,45,game
0x00474220,359,game
0x00474390,259,game
0x004744A0,525,game
0x004746B0,555,game
0x004748E0,93,game
0x00474940,58,game
0x00474980,414,game
0x00474B20,180,game
0x00474BE0,439,game
0x00474DA0,32,game
0x00474DC0,428,game
0x00474F70,51,game
0x00474FB0,255,game
0x004750B0,297,game
0x004751E0,552,game
0x00475410,590,game
0x00475660,107,game
0x004756D0,57,game
0x00475710,558,game
0x00475940,335,game
0x00475A90,579,game
0x00475CE0,627,game
0x00475F60,121,game
0x00475FE0,70,game
0x00476030,673,game
0x004762E0,258,game
0x004763F0,580,game
0x00476640,703,game
0x00476900,135,game
0x00476990,240,game
0x00476A80,359,game
0x00476BF0,412,game
0x00476D90,307,game
0x00476ED0,610,game
0x00477140,728,game
0x00477420,310,game
0x00477560,610,game
0x004777D0,758,game
0x00477AD0,162,game
0x00477B80,213,game
0x00477C60,359,game
0x00477DD0,610,game
0x00478040,616,game
0x004782B0,303,game
0x004783E0,295,game
0x00478510,395,game
0x004786A0,560,game
0x004788D0,321,game
0x00478A20,313,game
0x00478B60,414,game
0x00478D00,595,game
0x00478F60,349,game
0x004790C0,344,game
0x00479220,611,game
0x00479490,575,game
0x004796D0,368,game
0x00479840,363,game
0x004799B0,471,game
0x00479B90,610,game
0x00479E00,341,game
0x00479F60,333,game
0x0047A0B0,441,game
0x0047A270,358,game
0x0047A3E0,350,game
0x0047A540,447,game
0x0047A700,14,game
0x0047A710,14,game
0x0047A720,20,game
0x0047A740,20,game
0x0047A760,20,game
0x0047A780,20,game
0x0047A7A0,20,game
0x0047A7C0,20,game
0x0047A7E0,20,game
0x0047A800,20,game
0x0047A820,20,game
0x0047A840,20,game
0x0047A860,20,game
0x0047A880,20,game
0x0047A8A0,20,game
0x0047A960,20,game
0x0047A980,20,game
0x0047A9A0,20,game
0x0047A9C0,20,game
0x0047A9E0,20,game
0x0047AA00,20,game
0x0047AA20,20,game
0x0047AA40,20,game
0x0047AA60,20,game
0x0047AA80,20,game
0x0047AAA0,20,game
0x0047AAC0,20,game
0x0047AAE0,20,game
0x0047AB00,20,game
0x0047AB20,142,game
0x0047ABB0,114,game
0x0047AC30,346,game
0x0047AD90,1480,game
0x0047B360,722,game
0x0047B640,122,game
0x0047B6C0,805,game
0x0047B9F0,183,game
0x0047BAB0,182,game
0x0047BB70,515,game
0x0047BD80,182,game
0x0047BE40,770,game
0x0047C150,407,game
0x0047C2F0,770,game
0x0047C600,314,game
0x0047C740,121,game
0x0047C7C0,608,game
0x0047CA20,446,game
0x0047CBE0,327,game
0x0047CD30,624,game
0x0047CFA0,500,game
0x0047D1A0,153,game
0x0047D240,632,game
0x0047D4C0,308,game
0x0047D600,118,game
0x0047D680,597,game
0x0047D8E0,324,game
0x0047DA30,608,game
0x0047DC90,580,game
0x0047DEE0,618,game
0x0047E150,205,game
0x0047E220,610,game
0x0047E490,205,game
0x0047E560,969,game
0x0047E930,516,game
0x0047EB40,969,game
0x0047EF10,331,game
0x0047F060,689,game
0x0047F320,343,game
0x0047F480,709,game
0x0047F750,656,game
0x0047F9E0,726,game
0x0047FCC0,316,game
0x0047FE00,680,game
0x004800B0,328,game
0x00480200,693,game
0x004804C0,712,game
0x00480790,708,game
0x00480A60,48,game
0x00480A90,600,game
0x00480CF0,19,game
0x00480D10,1315,game
0x00481240,813,game
0x00481570,281,game
0x00481690,1508,game
0x00481C80,507,game
0x00481E80,1487,game
0x00482450,1525,game
0x00482A50,1494,game
0x00483030,1215,game
0x004834F0,987,game
0x004838D0,1201,game
0x00483D90,165,game
0x00483E40,988,game
0x00484220,1201,game
0x004846E0,1339,game
0x00484C20,1611,game
0x00485270,1591,game
0x004858B0,1636,game
0x00485F20,1540,game
0x00486530,1637,game
0x00489DA0,672,game
0x0048A040,1363,game
0x0048A5A0,1062,game
0x0048A9D0,1462,game
0x0048AF90,81,game
0x0048AFF0,64,game
0x0048B030,1062,game
0x0048B460,1458,game
0x0048BA20,2096,game
0x0048C250,2358,game
0x0048CB90,1481,game
0x0048D159,836,game
0x0048D4A0,2478,game
0x0048DE50,2384,game
0x0048E7A0,2484,game
0x0048F160,2430,game
0x0048FADE,235,game
0x0048FBD0,2906,game
0x00490730,2896,game
0x00491280,3124,game
0x00491EC0,2896,game
0x00492A10,3111,game
0x00493640,20,game
0x00493654,42,game
0x00493680,247,game
0x00493780,14,game
0x00493790,37,game
0x004937C0,146,game
0x00493860,314,game
0x004939A0,115,game
0x00493A20,14,game
0x00493A30,14,game
0x00493A40,174,game
0x00493AF0,125,game
0x00493B70,35,game
0x00493BA0,80,game
0x00493BF0,234,game
0x00493CE0,197,game
0x00493DB0,138,game
0x00493E40,108,game
0x00493EB0,37,game
0x00493EE0,109,game
0x00493F50,67,game
0x00493FA0,53,game
0x00493FE0,33,game
0x00494010,30,game
0x00494030,14,game
0x00494040,14,game
0x00494050,29,game
0x00494070,262,game
0x00494180,169,game
0x00494230,48,game
0x00494260,81,game
0x004942C0,29,game
0x004942E0,140,game
0x00494370,49,game
0x004943B0,162,game
0x00494460,48,game
0x00494490,61,game
0x004944D0,34,game
0x00494500,29,game
0x00494520,12,game
0x00494530,12,game
0x00494540,59,game
0x00494580,14,game
0x00494590,14,game
0x004945A0,50,game
0x004945E0,207,game
0x004946B0,56,game
0x004946F0,45,game
0x00494720,83,game
0x00494780,19,game
0x004947A0,64,game
0x004947E0,17,game
0x00494800,58,game
0x00494840,14,game
0x00494850,14,game
0x00494860,70,game
0x004948B0,16,game
0x004948C0,34,game
0x004948F0,50,game
0x00494930,274,game
0x00494A50,39,game
0x00494A80,36,game
0x00494AB0,171,game
0x00494B60,171,game
0x00494C10,33,game
0x00494C40,33,game
0x00494C70,14,game
0x00494C80,14,game
0x00494C90,121,game
0x00494D10,31,game
0x00494D30,67,game
0x00494D80,40,game
0x00494DB0,37,game
0x00494DE0,25,game
0x00494E00,146,game
0x00494EA0,144,game
0x00494F30,14,game
0x00494F40,14,game
0x00494F50,323,game
0x004950A0,85,game
0x00495100,85,game
0x00495160,102,game
0x004951D0,66,game
0x00495220,86,game
0x00495280,157,game
0x00495320,61,game
0x00495360,59,game
0x004953A0,11,game
0x004953B0,172,game
0x00495460,14,game
0x00495470,14,game
0x00495480,496,game
0x00495670,64,game
0x004956B0,39,game
0x004956D7,28,game
0x00495700,63,game
0x00495740,91,game
0x004957A0,19,game
0x004957C0,111,game
0x00495830,137,game
0x004958C0,77,game
0x00495910,45,game
0x00495940,118,game
0x004959C0,22,game
0x004959E0,14,game
0x004959F0,14,game
0x00495A00,443,game
0x00495BC0,252,game
0x00495CC0,215,game
0x00495DA0,128,game
0x00495E20,161,game
0x00495ED0,11,game
0x00495EE0,78,game
0x00495F30,101,game
0x00495FA0,13,game
0x00495FB0,14,game
0x00495FC0,14,game
0x00495FD0,30,game
0x00495FF0,33,game
0x00496020,85,game
0x00496080,32,game
0x004960A0,69,game
0x004960F0,30,game
0x00496110,15,game
0x00496120,16,game
0x00496130,68,game
0x00496180,13,game
0x00496190,60,game
0x004961D0,231,game
0x004962C0,14,game
0x004962D0,14,game
0x004962E0,45,game
0x00496310,45,game
0x00496340,288,game
0x00496460,710,game
0x00496730,347,game
0x00496890,572,game
0x00496AD0,279,game
0x00496BF0,465,game
0x00496DD0,6,game
0x00496DE0,42,game
0x00496E10,149,game
0x00496EA6,2,game
0x00496ED0,160,game
0x00496F70,143,game
0x00497000,1038,game
0x00497570,97,game
0x004975E0,390,game
0x00497770,233,game
0x00497860,14,game
0x00497870,164,game
0x00497920,14,game
0x00497930,14,game
0x00497940,71,game
0x00497990,22,game
0x004979B0,48,game
0x004979E0,81,game
0x00497A40,52,game
0x00497A80,168,game
0x00497B30,1233,game
0x00498010,1382,game
0x00498580,1251,game
0x00498A70,1446,game
0x00499020,1263,game
0x00499510,1456,game
0x00499AC0,1281,game
0x00499FD0,1482,game
0x0049A5A0,1259,game
0x0049AA90,1422,game
0x0049B020,1248,game
0x0049B500,1466,game
0x0049BAC0,1168,game
0x0049BF50,1352,game
0x0049C4A0,1198,game
0x0049C950,1368,game
0x0049CEB0,1261,game
0x0049D3A0,1393,game
0x0049D920,1272,game
0x0049DE20,1386,game
0x0049E390,1201,game
0x0049E850,1365,game
0x0049EDB0,1237,game
0x0049F290,1482,game
0x0049F860,1330,game
0x0049FDA0,1483,game
0x004A0370,1342,game
0x004A08B0,1516,game
0x004A0EA0,1351,game
0x004A13F0,1532,game
0x004A19F0,1351,game
0x004A1F40,1563,game
0x004A2560,1309,game
0x004A2A80,1499,game
0x004A3060,1311,game
0x004A3580,1535,game
0x004A3B80,1289,game
0x004A4090,1457,game
0x004A4650,1297,game
0x004A4B70,1445,game
0x004A5120,1288,game
0x004A5630,1415,game
0x004A5BC0,1328,game
0x004A60F0,1505,game
0x004A66E0,1250,game
0x004A6BD0,1435,game
0x004A7170,1286,game
0x004A7680,1439,game
0x004A7C20,261,game
0x004A7D30,477,game
0x004A7F10,332,game
0x004A8060,1088,game
0x004A84A0,607,game
0x004A8700,156,game
0x004A87A0,378,game
0x004A8920,771,game
0x004A8C30,274,game
0x004A8D50,56,game
0x004A8D90,1587,game
0x004A93D0,405,game
0x004A9570,73,game
0x004A95C0,173,game
0x004A9670,275,game
0x004A9790,195,game
0x004A9860,285,game
0x004A9980,580,game
0x004A9BD0,72,game
0x004A9C20,109,game
0x004A9C90,80,game
0x004A9CE0,217,game
0x004A9DC0,208,game
0x004A9E90,24,game
0x004A9EB0,556,game
0x004AA0E0,85,game
0x004AA140,132,game
0x004AA1D0,155,game
0x004AA270,97,game
0x004AA2E0,77,game
0x004AA330,83,game
0x004AA390,1356,game
0x004AA8E0,1687,game
0x004AAF80,208,game
0x004AB050,186,game
0x004AB110,86,game
0x004AB170,353,game
0x004AB2E0,157,game
0x004AB380,16,game
0x004AB390,14,game
0x004AB3A0,14,game
0x004AB3B0,159,game
0x004AB450,14,game
0x004AB460,14,game
0x004AB470,200,game
0x004AB540,78,game
0x004AB590,14,game
0x004AB5A0,14,game
0x004AB5B0,395,game
0x004AB740,39,game
0x004AB770,14,game
0x004AB780,14,game
0x004AB790,155,game
0x004AB830,34,game
0x004AB860,36,game
0x004AB890,34,game
0x004AB8C0,57,game
0x004AB900,14,game
0x004AB910,14,game
0x004AB920,119,game
0x004AB9A0,14,game
0x004AB9B0,14,game
0x004AB9C0,119,game
0x004ABA40,33,game
0x004ABA70,182,game
0x004ABB30,13,game
0x004ABB40,28,game
0x004ABB60,14,game
0x004ABB70,14,game
0x004ABB80,538,game
0x004ABDA0,34,game
0x004ABDD0,162,game
0x004ABE80,34,game
0x004ABEB0,112,game
0x004ABF20,14,game
0x004ABF30,14,game
0x004ABF40,130,game
0x004ABFD0,14,game
0x004ABFE0,14,game
0x004ABFF0,14,game
0x004AC000,14,game
0x004AC010,254,game
0x004AC110,389,game
0x004AC2A0,293,game
0x004AC3D0,55,game
0x004AC410,14,game
0x004AC420,14,game
0x004AC430,130,game
0x004AC4C0,37,game
0x004AC4F0,103,game
0x004AC560,19,game
0x004AC580,14,game
0x004AC590,14,game
0x004AC5A0,6,library
0x004AC5B0,23,library
0x004AC5D0,164,library
0x004AC680,14,library
0x004AC690,14,library
0x004AC6A0,41,library
0x004AC6D0,523,library
0x004AC8E0,74,library
0x004AC930,19,library
0x004AC950,125,library
0x004AC9D0,19,library
0x004AC9F0,14,library
0x004ACA00,53,library
0x004ACA40,14,library
0x004ACA50,50,library
0x004ACA90,14,library
0x004ACAA0,50,library
0x004ACAE0,14,library
0x004ACAF0,40,library
0x004ACB20,23,library
0x004ACB40,369,library
0x004ACCB2,2,library
0x004ACD70,92,library
0x004ACDD0,165,library
0x004ACE80,22,library
0x004ACEA0,14,library
0x004ACEB0,14,library
0x004ACEC0,80,library
0x004ACF10,161,library
0x004ACFC0,68,library
0x004AD010,31,library
0x004AD030,29,library
0x004AD050,38,library
0x004AD080,20,library
0x004AD0A0,47,library
0x004AD0D0,25,library
0x004AD0F0,25,library
0x004AD110,25,library
0x004AD130,81,library
0x004AD190,37,library
0x004AD1C0,28,library
0x004AD1E0,15,library
0x004AD1F0,6,library
0x004AD1F6,6,library
0x004AE2A8,6,library
0x004AE2AE,6,library
0x004AE2C0,128,library
0x004AE37C,29,library
0x004AE399,40,library
0x004AE3C6,74,library
0x004AE410,81,library
0x004AE466,100,library
0x004AE524,203,library
0x004AE5EF,203,library
0x004AE6BA,27,library
0x004AE7B6,329,library
0x004AE8FF,329,library
0x004AEA48,136,library
0x004AEAD0,68,library
0x004AEC3A,282,library
0x004AED54,66,library
0x004AED96,115,library
0x004AEE09,108,library
0x004AEE75,107,library
0x004AEEE0,107,library
0x004AEF4B,78,library
0x004AEF99,110,library
0x004AF007,171,library
0x004AF0B2,86,library
0x004AF108,21,library
0x004AF1E5,21,library
0x004AF2D3,225,library
0x004AF3B4,187,library
0x004AF46F,107,library
0x004AF4DA,107,library
0x004AF545,133,library
0x004AF5CA,94,library
0x004AF628,198,library
0x004AF6EE,133,library
0x004AF773,120,library
0x004AF7EB,167,library
0x004AF892,169,library
0x004AF93B,103,library
0x004AF9A2,216,library
0x004AFA7A,192,library
0x004AFB3A,161,library
0x004AFBDB,327,library
0x004AFD22,80,library
0x004AFD72,54,library
0x004AFDA8,58,library
0x004AFDE2,134,library
0x004AFE68,44,library
0x004AFE94,39,library
0x004AFEBB,57,library
0x004AFEF4,63,library
0x004AFF33,193,library
0x004AFFF4,112,library
0x004B0069,106,library
0x004B00D3,183,library
0x004B018A,220,library
0x004B0266,768,library
0x004B0566,76,library
0x004B05B2,114,library
0x004B0624,396,library
0x004B07B0,407,library
0x004B09BF,135,library
0x004B0A5A,135,library
0x004B0AE1,82,library
0x004B0B33,166,library
0x004B0BD9,412,library
0x004B0D75,360,library
0x004B0EDD,105,library
0x004B0F46,63,library
0x004B0F85,320,library
0x004B10C5,113,library
0x004B1136,136,library
0x004B11BE,174,library
0x004B126C,233,library
0x004B135A,157,library
0x004B13F7,123,library
0x004B1472,431,library
0x004B1621,128,library
0x004B16A1,129,library
0x004B1989,99,library
0x004B19EC,290,library
0x004B1B0E,90,library
0x004B1B68,307,library
0x004B1C9B,21,library
0x004B1CE7,104,library
0x004B1D4F,89,library
0x004B1DA8,194,library
0x004B1ED7,204,library
0x004B1FA3,197,library
0x004B207C,401,library
0x004B220D,275,library
0x004B2320,207,library
0x004B23EF,82,library
0x004B2441,321,library
0x004B2582,391,library
0x004B2709,256,library
0x004B2809,184,library
0x004B28D0,175,library
0x004B2993,47,library
0x004B29C2,39,library
0x004B29E9,39,library
0x004B2A10,239,library
0x004B2AFF,143,library
0x004B2BB6,229,library
0x004B2CB4,194,library
0x004B2D80,193,library
0x004B2E55,114,library
0x004B2EC7,224,library
0x004B2FB1,422,library
0x004B315C,466,library
0x004B3333,21,library
0x004B3348,21,library
0x004B335D,279,library
0x004B3474,349,library
0x004B35D1,644,library
0x004B3856,6,library
0x004B385C,6,library
0x004B3862,6,library
0x004B3868,6,library
0x004B386E,6,library
0x004B3874,6,library
0x004B387A,6,library
0x004B3880,6,library
0x004B3886,6,library
0x004B388C,6,library
0x004B3892,6,library
0x004B3898,6,library
0x004B389E,6,library
0x004B38A4,6,library
0x004B38AA,6,library
0x004B38B0,6,library
0x004B38C0,104,library
0x004B3930,52,library
0x004B3970,104,library
0x004B39E0,170,library
0x004B3A8C,123,library
0x004B3B10,61,library
0x004B3B50,101,library
0x004B3BC0,55,library
0x004B3C00,21,library
0x004B3C20,664,library
0x004B3F60,93,library
0x004B3FC0,48,library
0x004B3FF0,18,library
0x004B4010,18,library
0x004B4030,174,library
0x004B40F0,11,library
0x004B4100,11,library
0x004B4110,32,library
0x004B4130,153,library
0x004B41D0,14,library
0x004B41E0,254,library
0x004B42E0,104,library
0x004B4350,147,library
0x004B43F0,133,library
0x004B4480,20,library
0x004B44A0,68,library
0x004B44F0,85,library
0x004B4550,50,library
0x004B4590,151,library
0x004B4630,40,library
0x004B4660,420,library
0x004B4810,56,library
0x004B4850,364,library
0x004B49AD,21,library
0x004B49C2,12,library
0x004B49CE,27,library
0x004B4A00,38,library
0x004B4A30,33,library
0x004B4A60,31,library
0x004B4A80,105,library
0x004B4AF0,115,library
0x004B4B70,9,library
0x004B4B80,9,library
0x004B4B90,55,library
0x004B4BD0,316,library
0x004B4D10,55,library
0x004B4D50,326,library
0x004B4EA0,120,library
0x004B4F20,23,library
0x004B4F40,1,library
0x004B4F50,56,library
0x004B4F90,39,library
0x004B4FC0,232,library
0x004B50B0,47,library
0x004B50E0,299,library
0x004B5210,64,library
0x004B5250,47,library
0x004B5280,128,library
0x004B5300,103,library
0x004B5367,21,library
0x004B537C,12,library
0x004B538B,28,library
0x004B53B0,65,library
0x004B5400,7,library
0x004B5410,224,library
0x004B54F0,123,library
0x004B5570,129,library
0x004B5600,104,library
0x004B5670,144,library
0x004B5700,114,library
0x004B5780,521,library
0x004B5990,114,library
0x004B5A10,128,library
0x004B5A90,26,library
0x004B5AB0,849,library
0x004B5E02,2,library
0x004B5E50,38,library
0x004B5E80,11,library
0x004B5E90,45,library
0x004B5EC0,14,library
0x004B5ED0,172,library
0x004B5F80,88,library
0x004B5FE0,291,library
0x004B6110,304,library
0x004B6240,2172,library
0x004B6BD0,66,library
0x004B6C20,57,library
0x004B6C60,61,library
0x004B6CA0,17,library
0x004B6CC0,18,library
0x004B6CE0,18,library
0x004B6D00,32,library
0x004B6D20,34,library
0x004B6D42,104,library
0x004B6DD6,24,library
0x004B6DF0,43,library
0x004B6E20,118,library
0x004B6EA0,22,library
0x004B6EC0,54,library
0x004B6F00,40,library
0x004B6F30,54,library
0x004B6F70,40,library
0x004B6FA0,51,library
0x004B6FE0,53,library
0x004B7020,110,library
0x004B7090,11,library
0x004B70A0,187,library
0x004B7160,347,library
0x004B7330,217,library
0x004B7410,159,library
0x004B74B0,61,library
0x004B74F0,55,library
0x004B7530,354,library
0x004B76A0,91,library
0x004B7700,205,library
0x004B77D0,89,library
0x004B7830,83,library
0x004B7890,563,library
0x004B7AD0,370,library
0x004B7C50,388,library
0x004B7DE0,301,library
0x004B7F10,239,library
0x004B8000,32,library
0x004B8020,524,library
0x004B8230,525,library
0x004B8440,60,library
0x004B8480,18,library
0x004B84A0,58,library
0x004B84E0,238,library
0x004B85D0,158,library
0x004B8670,527,library
0x004B8880,342,library
0x004B89E0,539,library
0x004B8C00,77,library
0x004B8C50,56,library
0x004B8CB0,45,library
0x004B8CE0,11,library
0x004B8CF0,92,library
0x004B8D50,19,library
0x004B8D70,122,library
0x004B8DF0,157,library
0x004B8E90,197,library
0x004B8F55,27,library
0x004B8F70,61,library
0x004B8FB0,470,library
0x004B9190,114,library
0x004B9210,549,library
0x004B9440,60,library
0x004B947C,20,library
0x004B9490,31,library
0x004B94B0,19,library
0x004B94D0,80,library
0x004B9520,41,library
0x004B9550,93,library
0x004B95B0,107,library
0x004B9620,28,library
0x004B9640,82,library
0x004B96A0,115,library
0x004B9720,242,library
0x004B9820,102,library
0x004B9890,182,library
0x004B9950,182,library
0x004B9A10,101,library
0x004B9A80,41,library
0x004B9AB0,171,library
0x004B9B60,360,library
0x004B9CD0,161,library
0x004B9D80,147,library
0x004B9E20,73,library
0x004B9E70,101,library
0x004B9EE0,34,library
0x004B9F10,334,library
0x004BA060,93,library
0x004BA0C0,43,library
0x004BA0F0,188,library
0x004BA1D0,108,library
0x004BA240,114,library
0x004BA2C0,104,library
0x004BA330,117,library
0x004BA3B0,158,library
0x004BA450,143,library
0x004BA4E0,59,library
0x004BA520,24,library
0x004BA540,150,library
0x004BA5E0,139,library
0x004BA670,130,library
0x004BA700,252,library
0x004BA800,102,library
0x004BA870,105,library
0x004BA8E0,157,library
0x004BA980,29,library
0x004BA9A0,15,library
0x004BA9B0,29,library
0x004BA9D0,177,library
0x004BAA90,463,library
0x004BAC60,24,library
0x004BAC80,24,library
0x004BACA0,56,library
0x004BACE0,56,library
0x004BAD20,145,library
0x004BADC0,139,library
0x004BAE50,190,library
0x004BAF10,11,library
0x004BAF20,100,library
0x004BAF90,147,library
0x004BB030,540,library
0x004BB250,47,library
0x004BB280,35,library
0x004BB2B0,104,library
0x004BB320,46,library
0x004BB350,45,library
0x004BB380,241,library
0x004BB480,1632,library
0x004BBC10,898,library
0x004BBFA0,174,library
0x004BC050,881,library
0x004BC3D0,563,library
0x004BC610,246,library
0x004BC710,502,library
0x004BC910,239,library
0x004BCA00,331,library
0x004BCB50,51,library
0x004BCB90,102,library
0x004BCC00,698,library
0x004BCEC0,62,library
0x004BCF00,58,library
0x004BCF40,696,library
0x004BD200,138,library
0x004BD290,428,library
0x004BD440,304,library
0x004BD570,319,library
0x004BD6B0,208,library
0x004BD84C,6,library
